"horse_id","name","horse_code"
"2044","TURF DANCER / ENCOURAGEMENT 2012","0"
"2211","ZIPPY / CHEROKEE 2012","0"
"2214","STATUESQUE / ALGORITHMS 2011","0"
"2219","ADAMS LAND / ADAMS LAW","0"
"2359","WAR HORSE","0"
"2405","SAINTS N SINNERS","0"
"2557","TORPEDO / MISS PINKY 2011","0"
"2618","BLUMARINE","0"
"2638","AAJAA NACHLE","0"
"2750","ANDROMACHE","0"
"2799","BULLET","0"
"2817","STAR TRAINER","0"
"2855","ETERNAL SUNSHINE /DIVINE IMPACT 2013","0"
"2862","OCEAN STAR","0"
"3012","PRESENCE / AL ASIFAH 2010","0"
"3066","CARDINAL / HAUNTING BEAUTY","0"
"3113","ROMANTIC BEAUTY / DANSEUSE","0"
"3283","SPIRIT OF MERCY / COZUMEL","0"
"3338","LORELEI / ROMANTIC AFFAIR 2/YER","0"
"3432","HAWKER / ACCESS ALL AREAS 2010","0"
"3439","DOMINGO / SONIC SYMPHONY 2010","0"
"3451","GATSBY / SUDESTADA 2012","0"
"3472","BLAVATSKY/ Psychic Light 2011","0"
"3539","FATINAT AL MELOUK / JOIE DEVIVRE","0"
"3543","RANTHAMBHORE","0"
"3557","MOUNTAIN WIND","0"
"3644","MARCUS AURELIUS/Salawati 2012","0"
"3766","RIDER ON THE STORM / FABRIZIO / REFLECTANCE 2010","0"
"3774","SONG OF AFRICA","0"
"3797","NEGREDO / DARSIYMA 2009","0"
"3807","MOON SHADOW / RACY DESCRIPTION 2","0"
"3808","WINGS OF GLORY / DAZZLING QUEEN","0"
"3810","QUEEN OF VENUS / AL DENTE 2009","0"
"3812","STORMY PRINCESS / SUPERLATIVE 20","0"
"3828","GRAND MARCH / CREATIVITY 2009","0"
"3836","CALISSA / WAVE OF BLISS 2012","0"
"3847","ALECTO / FLYING HOME 2009","0"
"3849","HOT PEPPER / DIXIE DAHLIN 2009","0"
"3892","HONEST PLEASURE / CHARLIZE 2009","0"
"3916","WIND AND RAIN / LAND AHEAD 2009","0"
"3955","SCARMOUCHE","0"
"3976","PAPAKURA / AUTO CAP 2009","0"
"3996","HIGH AUTHORITY / EBTIHAJ 2012","0"
"4013","PITBULL / AFROJACK / STAR QUALIT","0"
"4024","STRIKING SHADOW / AMAZING BAY 20","0"
"4032","DANCING SPLENDOUR / ALMADEN 2009","0"
"4046","ZANTHOS / DAILY DANCE 2009","0"
"4054","ANCIENT WORLD / SERENJETI BRIDE","0"
"4062","STAR BOARD","0"
"4068","NEW WORLD / FOREST PARADISE 2009","0"
"4072","VICTORIOUS MARCH / ROMAN EAGLE 2","0"
"4073","ARMEL / SENSUALITY 2009","0"
"4079","NUSH / DANCE WITH STYLE 2009","0"
"4131","MATRIOSHKA / HALF PASS 2009","0"
"4149","RODEO / RAINBOW VISION 2009","0"
"4154","ASAHI / APPOINTED 2009","0"
"4159","HOME ADVANTAGE / MAGICAL  ROMANC","0"
"4167","PEPE SENIOR / SANGAM 2009","0"
"4173","MZURI / TAMMIE'S TUNE 2009","0"
"4251","ASTAPI","0"
"4267","YARDSTICK / BACKBURN ROCKET 2009","0"
"4272","ZABARWAN / GIACOSA 2010","0"
"4274","ICE ZONE / SUNSHINER 2009","0"
"4311","SPECIAL FX 2013","0"
"4321","NATIONAL PRIDE / SUPER MOM 2009","0"
"4322","FAJR 2009","0"
"4335","CASINO JACK 2009","0"
"4339","AN ACQUIRED TASTE / G Waitin On","0"
"4345","MAXIMUS 2009","0"
"4396","STORMYDAY / FAME STAR 2009","0"
"4400","CAESARS STAR","0"
"4407","OKAVANGO","0"
"4423","YOU ARE MY MIRACLE 2012","0"
"4515","CAPE OF GOOD HOPE / VILLANDRY 20","0"
"4519","SPEED BABY","0"
"4566","LA TONNARELLA / ACCENTUATE 2010","0"
"4567","JEREMIAH / ACCIACATURA 2010","0"
"4571","LA FEMME FLEUR / DAWALISHA 2010","0"
"4575","THE BIG BULL / ACHILLES / FOREST","0"
"4586","KNIGHT OF KE / SWEET AFFAIR 2010","0"
"4588","ARCHIMEDES / VICTORY AND GOLD 20","0"
"4592","SAVANNAH SOUND / BORN FREE 2010","0"
"4600","SINDBAAD / CHILIANDRINA 2010","0"
"4608","EXTREME LOVE / EXTREME CONTACT 2","0"
"4617","A R C","0"
"4625","NIRBHAYA / CLASSICAL ELEGANCE 20","0"
"4650","RESILIENT / MARIA VETSERA 2010","0"
"4663","EMPEROR OF FRANCE / SELERINA'S S","0"
"4666","LA TRAVIATA / STAR LINER 2010","0"
"4676","DANCING PHOENIX / ALL DANCING 20","0"
"4679","GOOD MEMORY / SO RAVISHING 2010","0"
"4688","STAR OF BABYLON / ARTHI 2010","0"
"4695","MYKONOS / LAND AHEAD 2010","0"
"4701","WAY OUT/Farrfesheena 2010","0"
"4718","VIXEN / DREAMING WATERS 2010","0"
"4723","SHAUGHNESSY / STRUIE 2010","0"
"4726","SAFFRON PRINCE / SAFFRON DANCER","0"
"4727","EARTH TAMER / TIDDLY WIDDLY 2010","0"
"4730","SUPER BOLT / ARHAAFF 2010","0"
"4739","GHAZAL KING 2010","0"
"4741","ETERNAL ROYALTY /DANCING HIGHNES","0"
"4748","GOLDEN GLORY / GOLDA SEEK 2010","0"
"4749","ROSIE SUNSHINE / FRESH BREAD 201","0"
"4759","ZARAR / FANTASY LAKE 2010","0"
"4762","BAY OF LOVE / LIVARDI 2010","0"
"4767","SUPERTRAMP / WILD WINNER 2010","0"
"4768","TAP DANCE / SPLASH OF CLASS 2010","0"
"4770","ASCOT STAR / VIINCENZO / GIRL FR","0"
"4794","ANCIENT TREASURE / BIBI KARAM 20","0"
"4795","DYNA /BANAADIR 2010","0"
"4796","CON MAN / TYCON GIRL 2010","0"
"4798","TAHRIR / SHIMMERING 2010","0"
"4806","REACH THE STARS / TOUCH A STAR 2","0"
"4818","PLAN B","0"
"4860","DEEP DIVER / INVENTIVE 2010","0"
"4865","PALACE GIRL 2009","0"
"4869","BLUE FLAME / TIGRESSE NOIRE 2011","0"
"4870","ALAINDAIR / GODS GRACE 2010","0"
"4872","AMAZING GRACE / EFRHINA 2010","0"
"4874","BACKSTREET BAY / FARMERS SWING 2","0"
"4878","PRETTY IN PATPONG 2010","0"
"4879","ICE RINK 2009","0"
"4882","MAGIC VISION / LII NAJMA 2010","0"
"4883","ROCKING 2009","0"
"4886","EXHALE / AVEC PLAISIR 2010","0"
"4890","ADAM / ADESINA 2010","0"
"4897","MUNTASIR / FINNINE 2010","0"
"4926","SAMBA WARRIOR / Ashleen 2010","0"
"4935","REMEMBER ME / ENAKSI 2010","0"
"4941","RICOCHET / FOREST FAMILY 2010","0"
"4944","SILVER STREAK / Optimal 2010","0"
"4953","SHYGIRL / KIZASHI / HYGIRL 2010","0"
"4958","ANGEL IN THE SKY / SAO GABRIEL 2","0"
"4960","EARTH ORBIT / FIDDLE FADDLE 2010","0"
"4972","AN JOLIE / MUTUALLY MINE 2011","0"
"4974","ZADORA / BONGUSTO 2011","0"
"4977","QUATRO / ZAQRAH 2011","0"
"4991","SUNSHINE HEART","0"
"5021","YODHA SHAKTI 2010","0"
"5041","PAPPILLON 2010","0"
"5066","QUEST FOR LOVE / NATIVE QUEST 20","0"
"5073","HUNT FOR HEADS","0"
"5083","MT TIANMEN","0"
"5101","MONZA","0"
"5106","TRUE HEIR /MESSALINA 2011","0"
"5110","UMARKOT","0"
"5114","INVINCIBLE","0"
"5121","FLYING EAGLE","0"
"5122","STRIKING STORY / STRIKE IT RIGHT","0"
"5124","MINE FOREVER / YOU ARE THE ONE 2","0"
"5126","BON VIVANT / CEST BON 2011","0"
"5127","LORD JIM / IRISH LOVER 2011","0"
"5128","KANDINSKY / KATAVI 2011","0"
"5130","ANNIE / LINDSAY 2011","0"
"5143","SUNNY SEA / TIDE OF FORTUNE 2011","0"
"5147","GRENADINE / HEKAYAAT 2011","0"
"5149","SOLOMON / DHAHAB 2011","0"
"5150","EL CAMINO / EMPRESS JESSIE 2011","0"
"5166","MATTERHORN / KALPITA 2011","0"
"5167","LADYBIRD / LADY FABIOLA 2011","0"
"5168","RAMESSES / NAJAH 2011","0"
"5169","EDUARDO /PICKWICK PAPERS 2011","0"
"5170","AQUAMARINE / PILGRIM'S WAY 2011","0"
"5174","YOUR ROYAL MAJESTY / YOU ARE MY","0"
"5175","FIBONACCI SEQUENCE / LIZZEY LETT","0"
"5178","ILLIDAN / EDESSYA 2011","0"
"5179","APACHE / CHATEAU BEACH 2011","0"
"5188","SUPER ICON / ARHAAF 2011","0"
"5189","ARSENAL / ARSAAD 2011","0"
"5190","GOLD STREAK / GHASSAK 2011","0"
"5191","MIDNIGHT DANCER / CHANGE TACK 20","0"
"5192","DUSK N DAWN / SILNIA 2011","0"
"5193","POLYDENCES / PERFECT POLLY 2011","0"
"5194","ADMISSION / A - GIRL 2011","0"
"5195","CENTAURUS / CARESSED 2011","0"
"5196","ACKER BILK /OSCAR SILK 2011","0"
"5197","BEACH GAME / BIBI KARAM 2011","0"
"5200","JUST BY CHANCE / AGE OF FABLE 20","0"
"5201","SHAHRIYAR / QUEEN BAY 2011","0"
"5218","GREEK GOD/Pas de l'Argent  2011","0"
"5223","RAVELLO / CHAREDI'S PEAK 2011","0"
"5224","KHAYYAM / YOMALO 2012","0"
"5225","HONOURIOUS / SEA HONOUR 2011","0"
"5226","WAR MACHINE / SANS EGALE 2011","0"
"5227","JOY OF LIFE / FABULOUS FORTUNE 2","0"
"5237","MOROCCAN / BAILEYS ON LINE 2011","0"
"5239","LANCELOT / SCENIC ROYALE 2011","0"
"5242","SEACRETS / OH BEJ OH BEJ 2011","0"
"5244","MOVE IN TIME / SOCIETY DREAM 201","0"
"5245","SAVAGE BEAUTY / UNRESTRAINED 201","0"
"5246","AANISHAH / ALSAABEQA 2011","0"
"5247","WILD VENTURE / SPINA CHRISTI 201","0"
"5250","SWEET AS HONEY / RADIATING 2011","0"
"5251","CAPTAIN ABDON / MAYBACH 2011","0"
"5253","RED FORT / BULAN 2011","0"
"5254","LEX LUTHOR / PAMPERED PRINCESS 2","0"
"5256","WILD TEMPTATION / DESERT GROUSE","0"
"5257","CHUCK BASS / ANGELES 2011","0"
"5258","ROYAL CLASSIC / RESOUND 2011","0"
"5259","ALDERLEY EDGE / X Factor  2011","0"
"5260","FAMOUS / SAMSOUMA 2011","0"
"5263","FLYNN / CASANOVA GREEN 2011","0"
"5265","WHITESOX / BRIGHT AND CHEERY 201","0"
"5266","RAJPUTANA RIFLES / CASTLE BEAUTY","0"
"5270","ZABROK / ELITE SOCIETY 2011","0"
"5272","ZANDER / MERWAHA 2011","0"
"5274","PALATIAL / PINK PALACE 2011","0"
"5277","AZADEGAN / STATJFORD 2011","0"
"5279","MR FORD /QUEEN OF SWORDS 2011","0"
"5280","SPIDER MAN / MIYAMOTO 2011","0"
"5281","SALTANATH / SHES A MELODY 2011","0"
"5282","KICKBOXER / BAND OF GOLD 2011","0"
"5283","SECRET OATH / RENAISSANCE 2011","0"
"5284","BLACKBEAN / ONE MAGIC MOMENT 201","0"
"5285","MILITARY GIRL / WILD ANZILLE 201","0"
"5286","PEPPERCORN / DESERT QUEEN 2011","0"
"5287","SHERONNA/ELAHEH / MADAME MARJOU","0"
"5288","MYSTIC ROMANCE / MYSTIC DANCER 2","0"
"5290","ARIZONA SUN / ROMANTIC HEIGHTS 2","0"
"5291","STROGANOFF / SHOCKWAVE 2011","0"
"5292","FEEL LIKE DANCING / CONNIVANCE 2","0"
"5293","DIAMOND THIEF / DIAMOND DREAMS 2","0"
"5295","AWESOME KNIGHT / STARRY 2011","0"
"5296","ABSOLUTE JEWEL / LYOCEL 2011","0"
"5297","ULTIMATE GLORY / CABORIG 2011","0"
"5298","ZODIAC / GOBELIN 2011","0"
"5300","TATIANA / MEMORIES OF YOU 2011","0"
"5301","ATHENS / LITTLE TREASURE 2011","0"
"5303","ZEDA / FLYME TO THEMOON 2011","0"
"5304","SOUL SPEAK / PERILOUS PURSUIT 20","0"
"5306","STAR LIGHTNING / SOGNA DI ME  20","0"
"5307","RAVELLO/Charedi's Peak 2011","0"
"5310","QUARTZ / RISADA 2011","0"
"5313","MARCOS / FELICITAD 2011","0"
"5315","DAZZLE N DAZE / DIXIE DAHLIN 201","0"
"5316","MEGGIDO / KOJAGIRI 2011","0"
"5317","GOLD BAG / BLUE JAY 2011","0"
"5318","SQUARE MOON / SHINING FORCE 2011","0"
"5320","STARRY BROOK / Star Supremacy 20","0"
"5322","MAKE WAY FOR ME / MY MELODY MAKE","0"
"5324","HELPING HAND / Fingers Crossed 2","0"
"5327","FAST LADY / Lighting Speed 2011","0"
"5328","SURPRISE / MEOHMY 2011","0"
"5329","NOBLE LADY / Noble Excellency 20","0"
"5330","SIMPLY SWEET / So Swing 2011","0"
"5331","ON TARGET / LECCE 2011","0"
"5332","J'ADORE / BRUCHIA 2011","0"
"5334","TOMASZ / XIAMEN 2011","0"
"5335","LOCARNO / PENTHOUSE SERENADE 201","0"
"5340","UKULELE / AXELLE 2011","0"
"5341","FRIBOURG / FIBOURG / KAIMANA 201","0"
"5342","IN MY LIFE / OUR ROYAL HIGHNESS","0"
"5347","ROYAL WISH / ROYAL PRINCESS 2011","0"
"5353","VELVET AMARI /NORA 2012","0"
"5359","REPLICA / Radiance 2011","0"
"5360","BELLA TRAVIATA / LA GENEREUSE 20","0"
"5362","ELLA / LADY SINGTHE BLUES 2011","0"
"5365","MIDNIGHT ROMANCE / HI FI 2011","0"
"5366","GOLD DREAM /DANCIN WITH BERTIE 2","0"
"5367","MARQUET / SAFARI 2011","0"
"5368","SCHIEHAILLON / MISS SERENDIPITY","0"
"5370","VICTORY DANCER / VICTORY MARCH 2","0"
"5371","LOVEABLE LOCKS / ZILLION FIGLIA","0"
"5372","HOMING IN / TANTALISING 2011","0"
"5379","BORN TO WIN / AUTOCOP 2011","0"
"5380","DOC HOLLIDAY 2010","0"
"5381","ALANZO / TWIN STAR 2011","0"
"5382","GOLDILOCKS / HAUNTING MEMORIES 2","0"
"5383","ALETA / YOU SAY I SAY 2011","0"
"5390","MELINDA / SUPERLATIVE 2011","0"
"5393","PRESIDENT 2011","0"
"5397","SHIVALIK PRINCESS / WELLTOLD 201","0"
"5399","SHIVALIK SKIES / WELL REHEARSED","0"
"5401","HIMALAYAN QUEEN / MAID OF ARTOIS","0"
"5402","SHIVALIK SONG / PROSPECTOR'S SON","0"
"5420","SHIVALIK BREEZE /PHOENIX 2011","0"
"5427","GLEAMING GOLD / FAIR FOLLY 2011","0"
"5428","SOUL CENTRIC / SHE'S CHEROKEE 20","0"
"5429","SHIVALIK STORM / BADRAAN 2011","0"
"5430","SHIVALIK SHOWERS / SUN SHOWER 20","0"
"5431","FALCON 2010","0"
"5436","THE UNICORN / Fourpenny Lane 201","0"
"5438","SIR SONG / VICEREEN 2011","0"
"5440","TOOFAN / JANUARY'S STORM 2011","0"
"5441","JOLEENE / HOT DISH 2011","0"
"5445","AMULETO / PRINCESS HELEN 2011","0"
"5451","STARRY MOMENT / Star Perfection","0"
"5458","SHIVALIKS GLORY / ASHIYNA 2011","0"
"5461","GRACE AND MERCY 2011","0"
"5463","ATOMIC / Gallery Girl 2011","0"
"5468","STARISTOCRAT / Only Royale 2011","0"
"5469","ZAMBIAN / FEDORA 2011","0"
"5470","FULL MOON / Moonstorm 2011","0"
"5471","ASSANGE / BAFFLING 2011","0"
"5474","EGYPTIANA / Natouchka 2011","0"
"5475","MERCHANTOFVENICE/ Maquillage 201","0"
"5482","HUGS AND KISSES / ADRIANA 2011","0"
"5483","AUTHORITY / Theworldismystage 20","0"
"5484","TIGER TOPS / Cockayne 2011","0"
"5486","QUANTUM / CHANTALE 2011","0"
"5495","PLAY FAIR / Bay Of Angels 2011","0"
"5500","GODSPEED / Almandine 2011","0"
"5502","THRUXTON / DORSODURO / Tourmalet 2011","0"
"5503","SHIVALIK STORY / SWEEPING STORY 2012","0"
"5505","DAISHONIN / Sonatina 2011","0"
"5507","SMOKIE / Stringsofmyheart 2011","0"
"5513","QUIZICAL / POUILLY FUME 2011","0"
"5516","MILES SOLDIER / CAFE NOIRE 2011","0"
"5554","ZACHARY / Yantai 2011","0"
"5556","FREE SPEECH / FOREVER ELEGANCE 2","0"
"5557","JACK FROST /BREEZE AND I 2011","0"
"5562","BELGIAN BLUE / Bea Bea Three 201","0"
"5566","DEO VOLENTE / Rahy's Serenade 20","0"
"5567","JAGER BOMB / Grand Passion 2011","0"
"5569","SPEED KING / Zarandja 2011","0"
"5573","HOSHIYAAR / I CLADIUS / Akaliya","0"
"5581","MYTHICAL SUNRISE / Phoenix Risin","0"
"5583","QUASAR / Belle Jour 2011","0"
"5584","ATTRACTION / Just Julie 2011","0"
"5587","THE GENERAL /Sunshiner 2011","0"
"5591","SABOTAGE / Dawalisha 2011","0"
"5592","LOGANO / VICTORIA CANNON 2011","0"
"5606","THERE SHE GOES / Rhapsidion Snow","0"
"5609","MAGNOLIA / Lady Adnil 2010","0"
"5610","BABYLON / Bravissima 2011","0"
"5612","SENORITA EVITA / Si Senora 2011","0"
"5617","IZARRA","0"
"5619","HIDDEN ASSET","0"
"5621","NICANORA","0"
"5622","NEPTUNE'S OCEAN","0"
"5623","SEACAUCUS","0"
"5624","SOOTHSAYER","0"
"5631","JAQK / PLACID 2012","0"
"5632","JIBUTI / WOODEN DOLL 2012","0"
"5633","JORELL / EUBEE 2012","0"
"5634","THEORY 2011","0"
"5640","WINNING GIRL / WILNA 2012","0"
"5642","ASCENDENCY / STAR SUPREMCY 2012","0"
"5648","CONNEMARA","0"
"5650","FAIRFARREN / SUBLIMELY SINGLE 20","0"
"5653","STAR ELEGANCE","0"
"5654","BIRKENHEAD / GAMILA 2012","0"
"5656","SILVANO / TANZANITE LADY 2012","0"
"5657","SECOND INNINGS / SCARAMANGA /DHAAWIAH 2012","0"
"5660","ANGELIC ARIA / AVEROFF 2012","0"
"5662","COMMODORE /ANTIOQUIA 2012","0"
"5663","COSTA DEL SOL / SHINING GLORY 20","0"
"5664","VOSHKIE / TRICLE OF GOLD 2012","0"
"5666","KALEIDOSCOPE / COLOUR SPLASH 201","0"
"5667","ABIGAIL / VIOLETTA 2012","0"
"5668","BAY OF SECRETS / BLUE VISION 201","0"
"5669","PIECE D RESISTANCE / STRATOSPHER","0"
"5670","EVIDENCE / FLAMINGO FAN 2012","0"
"5671","GABRIELLA / THIELLA 2012","0"
"5672","ZEPHIR / ZACHETA`S GIRL 2012","0"
"5673","NIFTY / ARTWORK 2012","0"
"5675","MYRTLEWOOD /ADAMILE 2012","0"
"5676","ARLENE / ALLAIRE 2012","0"
"5678","CARRALISA /RED GARLAND 2012","0"
"5679","WARPATH / BARATHIKI 2012","0"
"5680","DENNY CRANE / BLUE HORIZON 2012","0"
"5681","ADMIRALTY / CAPRESE 2012","0"
"5682","CAPTAIN COURAGE / CELESTRELLA 20","0"
"5683","STATEIRA / CROWN PRINCESS 2012","0"
"5684","SHIMATOREE / MEZENAH 2012","0"
"5685","GESTAPO / DAJOLIE 2012","0"
"5686","THE CHAMP / MINK GLOVE 2012","0"
"5687","CONTINENTAL / SAMSA 2012","0"
"5688","SANS PEUR / SANS PAREIL 2012","0"
"5689","SOLANGE / SHADOW ROLL 2012","0"
"5690","SHOOTING STAR / SILKEN STAR 2012","0"
"5691","PABLITO / BRAVISSIMA 2012","0"
"5692","WOLF ROCK / CONFESS 2012","0"
"5693","STELLENBOSCH /DUBAI SPIRIT 2012","0"
"5694","BAKER STREET / TO GRACE 2012","0"
"5695","VERBIER / ALLIES SERENADE 2012","0"
"5696","RIGOLETTO / HIGHLAND GHILLIE 201","0"
"5697","SENTIMENTAL /AL KHAZNEH 2012","0"
"5698","INTELLIGENCE / AURORA AUREALIS 2","0"
"5699","ALLEE BLEUE / ACCESSORIZE 2012","0"
"5700","ROMAN FLAME /CHRISTEL FLAME 2012","0"
"5701","HEATHER	 / MOORING 2012","0"
"5702","LAVENDER BLUE / ZAFARANIYA 2012","0"
"5703","MISS SAIGON / LOTHIAN LASS 2012","0"
"5710","SENTOSA COVE / FUTURE FLIGHT 201","0"
"5712","SEVERUS / LOVE EMERALD 2012","0"
"5713","MOUNT RUSHMORE / SO ADMIRABLE 20","0"
"5714","COMMITMENT / ELOISE 2012","0"
"5715","TOP CAT  / CLOSING BELL 2012","0"
"5716","ZORINA / ELAUYUN 2012","0"
"5717","HIROHAMA /EVIA 2012","0"
"5718","ROMANO / STUNNING WONDER 2012","0"
"5719","KAYLA /CIAO BELLA 2012","0"
"5721","OREIUS / ROMANTIC QUEST 2012","0"
"5722","BELLA LUNA / SOCIAL PLACE 2012","0"
"5723","SIMON SAYS/ Venus Arising 2012","0"
"5724","GRANDE VITESSE / CANDELA 2012","0"
"5725","DELTIN","0"
"5735","PATH OF PEACE / PERFECT PEACE 2012","0"
"5736","GOLDSMITH / Lascivious 2012","0"
"5737","SIMPLY SHINING / SHINING FORCE 2","0"
"5738","MANNEQUIN / EBONY EYES 2012","0"
"5739","RUNNING WILD /PAMPERED PRINCESS","0"
"5740","GOLDEN BELLE  /ABS FABS 2012","0"
"5741","VICTORIA HARBOUR / ALCMENE 2012","0"
"5742","ARCTIC CONVOY / BADIAT ALZAMAN 2","0"
"5744","JESTER  / CHAMPAGNE POLKA 2012","0"
"5745","PHOENIX KNIGHT /CINE STAR 2012","0"
"5746","BRIGHT HALO / DIVINE DIAMOND 201","0"
"5748","A KLASS / KIRKBRIDE 2012","0"
"5749","STREETJAMMER / LA PREMIERE 2012","0"
"5750","ANOTHER ACE / LADY MOURA 2012","0"
"5751","MOGADISHU/ LEEWARD PASSAGE 2012","0"
"5752","AGELESS  /LINDSAY 2012","0"
"5753","MISS USA/MABAAHEJ 2012","0"
"5756","DANCING PRETTY / MESSALINA 2012","0"
"5757","BE READY / MEYDANA 2012","0"
"5758","POLISHED CHROME / MISS DANEHILL","0"
"5759","ROMANTIC LASS /OH SO ROMANTIC 20","0"
"5760","ARGONAUTICA / PERSEPOLIS 2012","0"
"5761","PHENOMENAL MEMORY / PHENOMENALE","0"
"5763","SCARLET PRINCE / SCARLET EMPRESS","0"
"5764","SPECIAL TAPESTRY 2012","0"
"5765","STAR ACE / STAR SPANGLED 2012","0"
"5766","SUGAR BAY /SUGARBIRD 2012","0"
"5767","HORSE POWER / TIDE OF FORTUNE 20","0"
"5768","PHOENIX TIGER  / TIGRESSE NOIRE","0"
"5770","ZAHRAZAN / ZARANDJA 2012","0"
"5771","LOVEJOY 2012","0"
"5772","KIND DEED /SAINT PARKER 2012","0"
"5773","NEVER SURRENDER / FLYING HOME 20","0"
"5778","ORIENTAL RULE / CHEROKEE STAR 20","0"
"5780","RAJASTHAN ROYALTY / MARIBELLA 20","0"
"5781","OLLY BOY / QUEEN'S BAY 2012","0"
"5783","ALTUS / STAR ALYDAR 2012","0"
"5784","PIERCE ARROW /DAUGHTER OF LIGHT 2012","0"
"5785","BUBBLY BELLINI / DANCERLLON 2012","0"
"5786","DESTINY DAME 2012","0"
"5787","JUDICIOUS / CHOOSE WISELY 2012","0"
"5788","PRISTINA /EVATINA 2012","0"
"5789","STARDOM CALLING / PESCARA 2012","0"
"5790","GENEROUS LADY /GENEROUS GREY 2012","0"
"5793","MAJESTIC / RIYASAT 2012","0"
"5794","TONTERIA / TIGI 2012","0"
"5795","JANITZA / SAO GABRIEL 2012","0"
"5797","SILK BABY/ SILK SUIVANTE 2012","0"
"5798","TIPSY TOPSY 2012","0"
"5799","SWEEP ASIDE / BRUSHED ASIDE 2012","0"
"5801","FOREVER YOURS / FOREVER YOUNG 2012","0"
"5802","UNCHARTERED WATERS / MEADOWLARK 2012","0"
"5803","SEA LAGOON / NORTH SEA 2012","0"
"5805","MISCHIEVOUS MISS / SUPERDASH 201","0"
"5806","CARMA / VIOLET HONEY 2012","0"
"5808","MISS MYSTIQUE / MYSTIC DANCER 20","0"
"5809","SHOW BIZ / LIESL 2012","0"
"5812","DAZZLING DANCER/ Intimacy 2011","0"
"5813","JABBLE /CHEROKEE 2012","0"
"5814","SHUKRAN / ICECUBES 2012","0"
"5815","HEDWIG / WATCH 2012","0"
"5816","VICE ADMIRAL / GO OUT BACKWARDS 2012","0"
"5817","CHAMPAGNE /CHANTALE 2012","0"
"5819","ESPADA / ASHKA 2012","0"
"5820","DR ZHIVAGO / DALLMA 2012","0"
"5821","JEZEBEL / CASHEL QUEEN 2012","0"
"5822","DECCAN KING/ IZWAH 2012","0"
"5825","SHE'S AN ACE / AMBER WINDSOR 201","0"
"5826","B FIFTY TWO /BAILEYS ON LINE 201","0"
"5827","DIABLO / PHOENIX RISING 2012","0"
"5828","ELEKTRA KING / TRIFECTA KING 201","0"
"5829","EXODUS / STRAWBERRY FIELDS 2012","0"
"5830","EXCELONCE / EXQUISITE 2012","0"
"5831","DEVILS RIDE / PRIVATE COLLECTION","0"
"5832","WIZARD OF ODDS / AKSINYA 2012","0"
"5833","RED BUG / JUST JULIE 2012","0"
"5834","JACKNIFE / BUKAT TIMAH 2012","0"
"5836","WAY AHEAD / LAND AHEAD 2012","0"
"5837","BULLRUN / YOU ARE MY MIRACLE 201","0"
"5838","MALEFICENT / MUFRADAT 2012","0"
"5839","PERSIAN PRINCE / ELOUANA 2012","0"
"5843","JACK DAN/ Intellectual 2012","0"
"5846","KYOTO / ALICE SPRINGS 2012","0"
"5851","FRANKEST /FAME STAR 2012","0"
"5853","BARYSHNIKOV / FIVE SATINS 2012","0"
"5855","HIDDEN SOUL / SAIL BY ROOS 2012","0"
"5856","JAPANESE/ One Track Minded 2012","0"
"5857","ROYAL SEAL / SUPREME PRINCESS 20","0"
"5858","THEN AND NOW/ Lii Najma 2012","0"
"5859","SERENE / SWEET ESSENCE 2012","0"
"5860","OSCILLATION / OSCAR SILK 2012","0"
"5861","RARE SILVER /GAEA 2012","0"
"5862","THE BIG REVIVAL / ZEALOUS CAT 20","0"
"5863","HURACAN /SINGITA 2012","0"
"5865","SHADOWFAX / RIVER MEMORIES 2012","0"
"5866","BRAHMACHARI / AVEC PLAISIR 2012","0"
"5867","SENSEX / VINDICATION 2012","0"
"5870","SQUASH / IMPASSION 2012","0"
"5872","AIRCO / SANDSLASH 2012","0"
"5873","GLOBAL ICON / ROMANTIC LIAISON 2","0"
"5874","FIGHT FOR FLASH / TARTOUCHE 2012","0"
"5875","CRITICS CHOICE / BERKELEY LODGE","0"
"5876","FEW DOLLARS MORE / Sea Spray 201","0"
"5877","RAPID GIRL / Social Place 2011","0"
"5878","BIDSTONE HILL / INDISCRETION 201","0"
"5879","BE CAUTIOUS / KEY TO LUCK 2012","0"
"5881","ALIEN / KAIMANA 2012","0"
"5882","PASS THE GLORY / HERE GOES 2012","0"
"5883","ANCIENT GLORY / GOLDA SEEK 2012","0"
"5884","POWER SHADOW / VICTORIA CANNON","0"
"5885","STAND AND DANCE / Saffron 2012","0"
"5887","WESTERN LIGHTS / DONA VITORIA 2012","0"
"5891","FLYING DRAGON / DIVINE ELEGANCE","0"
"5895","MISS SENORITA / Desert Sky 2011","0"
"5899","BATMAN/Well Rehearsed2012","0"
"5901","SOCHI / NO FAIR PEEKING 2012","0"
"5902","BLITZKRIEG / FOREST FAMILY 2012","0"
"5903","KOAL /WANASAH 2012","0"
"5904","FEARLESS NADIA 2012","0"
"5905","GODSENT 2012","0"
"5906","STUDIOFIFTYFOUR 2012","0"
"5907","SHAPE THE SCAPE /SPIRIT OF CHEST","0"
"5908","CICITALIA / STRANGE DESTINY 2012","0"
"5909","JARAMA / ACCIACATURA 2012","0"
"5911","KOROL / KHALIYNA 2012","0"
"5913","ELSA / DREAMING 2012","0"
"5915","SPEEDO / ENCHANTE 2012","0"
"5916","VITESSE 2012","0"
"5918","LAKSH / Lost Perfection 2012","0"
"5920","RAIN DANCE / RADIATING 2012","0"
"5921","CHARGING TIGRESS / GREAT COLORS","0"
"5922","SPEED OF SOUND / SLAM STRIKE 201","0"
"5923","NIGHT OF STARS 2012","0"
"5924","PRETTY PRADO / BULAN 2012","0"
"5925","SECRET RITUAL / Mrs Mooney 2012","0"
"5928","MISTER MAJESTIC / STRINGSOFMYHEART 2012","0"
"5929","ARAKAWAH / Lambency 2012","0"
"5930","YOU SAY I SAY 2012","0"
"5931","ANVILL STAR / Kabubina 2012","0"
"5934","ICE CUBE BABY/ Star Decoration 2","0"
"5936","JAZZMYN / Serrafina 2012","0"
"5940","MEKONG / Isfahaan 2012","0"
"5942","SHOW OFF/ Kamanja 2012","0"
"5943","SHARP / Kiss of Luck 2012","0"
"5944","SOU'WESTER / SOMERSET WEST 2012","0"
"5945","MINERVA / SNOW DEW 2012","0"
"5946","CAPTIVATE /GUEST CONNECTIONS 2012","0"
"5948","COLOMBIANA / WONDER SMILE 2012","0"
"5950","RIHLA 2012","0"
"5956","BENEZEER / Ridiyza 2012","0"
"5957","SPRINGBRAKEMISTAKE 2012","0"
"5958","JULIANA / MARQUISA 2012","0"
"5959","THE WAY I AM / AISY 2012","0"
"5961","HOLY SMOKE / LITTLE TREASURE 201","0"
"5962","AURELIO /ATHLONE 2012","0"
"5963","GODSTOUCH / ALGORITHMS 2012","0"
"5964","BULLDOZER / SHALAYA 2012","0"
"5967","NIOBRARA  / EKHABINSKYA 2012","0"
"5968","PINK PANTHER / PERUVIAN WITCH 20","0"
"5972","COUNTRY'S EMPRESS / SILVER GREY","0"
"5973","CRACKLIN' ROSIE / Nojoom 2012","0"
"5975","ABBEY / ATTUNE 2012","0"
"5979","TERRIFIC 2011","0"
"5981","RACING STAR / STAR CROWNED 2012","0"
"5982","CHEF D`OEUVRE/ALIWIYYA 2012","0"
"5995","SUMAAQ / Confluence 2012","0"
"5996","JEANNINE/Ridawana 2012","0"
"5997","NAUMEE / Autocop 2012","0"
"5998","ORDONEYAH 2012","0"
"5999","PRINCESS KYRA / STARBOARD 2012","0"
"6003","ZION /PIQUANTE 2012","0"
"6006","JETAWAY / EYE DAZZLER 2012","0"
"6007","SHIVALIK HEROINE / IFNI 2012","0"
"6011","SILVER GHOST/ Angarika 2012","0"
"6018","ANGELING","0"
"6019","JUPITER / RAH WA 2012","0"
"6020","OSTWIND / Ertiyaad 2012","0"
"6021","CHRISTMAS EVE / Badraan 2012","0"
"6022","JIGSAW / Silk Runner","0"
"6023","RULE DOWNUNDER","0"
"6027","SWEEPING STAR / SWEEPING SUCCESS","0"
"6028","SANSA /TOAST OF BOMBAY / FANCY FOOTWORK","0"
"6029","SO GOOD / FLIRTING FANTASY 2012","0"
"6030","JAMAICA/ Westwood 2012","0"
"6042","JUNE /DELTA PORT 2012","0"
"6043","MAGNIFICENCE/ Burning Fire 2012","0"
"6044","STRIDES AHEAD/Set the Mood 2012","0"
"6045","ITSCARO/Peace 2012","0"
"6047","RACHEL /AMBER VALLEY 2012","0"
"6048","CHARGING EMPRESS","0"
"6049","BE SMART/ Maripasoula 2012","0"
"6051","AGNEYA","0"
"6054","VENI VIDI VICI/ Fathing 2011","0"
"6055","PEZZONOVANTE","0"
"6057","BOMBAY DUCK /LADY COLLEGE 2012","0"
"6058","ATALYA/ City Tamer 2012","0"
"6060","UNDISPUTED","0"
"6061","HARVEY/Only For Gold 2012","0"
"6062","SHANIA","0"
"6069","ANOTHER CONQUEST","0"
"6071","FINAL ENCOUNTER","0"
"6073","COOL RUNNINGS","0"
"6079","DESERT RAGE","0"
"6080","DESERT WINGS","0"
"6082","REMEMBER THE TIME","0"
"6083","NIFTY/Artwork 2012","0"
"6084","JEFFERSON","0"
"6085","ACT OF VALOUR","0"
"6086","ROXELANA","0"
"6088","BROWN DYNAMITE","0"
"6089","JORDANA/ Serene Highness 2012","0"
"6092","ONE KEPT SECRET","0"
"6093","MARVEL","0"
"6094","GERONIMO","0"
"6095","MULTIGLORY","0"
"6096","HUDSON HAWK","0"
"6097","BLEND OF ELEGANCE","0"
"6099","CORABELLA","0"
"6100","ORLA","0"
"6101","TRAHERNE","0"
"6103","PURE BLISS","0"
"6141","JANEIRO/Tamoshanta 2012","0"
"6142","TINOGONA","0"
"6143","PURPLE ROSE","0"
"6144","MORAG","0"
"6145","SHINING MELODY","0"
"6147","OCEAN SPARKLE","0"
"6149","THE MESSIAH","0"
"6150","FIRST IN COMMAND","0"
"6151","CLASSIC MOMENT","0"
"6154","SWEEPING MOVE","0"
"6156","MAJESTIC LIGHT/Magic Touch","0"
"6158","VISIONIST","0"
"6159","TOP BRACKET","0"
"6171","JEENA","0"
"6173","FIDDLE FADDLE 2013","0"
"6176","PRICEWISE 2013","0"
"6177","ROMANTIC LIAISON 2013","0"
"6194","demo","0"
"6195","test","0"
"6196","SWARAJ","0"
"6197","GLORIA","0"
"6198","AVEC PLEASURE 2013","0"
"6199","PALAZZIO 2013","0"
"6200","FLAMING GLORY 2013","0"
"6201","TEKINDIA 2013","0"
"6202","ENTHRALLING","0"
"6203","RARE AND GORGEOUS","0"
"6204","MUSTAFA/ICECUBES 2013","0"
"6205","ARMETTA 2013","0"
"6206","ONLYBYTHENIGHT 2013","0"
"6207","PRINCEKET 2013","0"
"6208","LISA'S KITTEN 2013","0"
"6209","GALILEAN MOON 2013","0"
"6210","YANA 2013","0"
"6211","EXQUISITE 2013","0"
"6212","ARISTEIA 2013","0"
"6213","SIR FRANCIS DRAKE / Estonia	2013","0"
"6214","MOONLIGHT ROMANCE 2013","0"
"6215","WILNA 2013","0"
"6216","RADHWA 2013","0"
"6218","UNBELIEVABLE / STAR CONQUEST 2013","0"
"6219","BOBCAT GREELEY 2013","0"
"6220","SAA'IDA 2013","0"
"6221","BALLADE DANON 2013","0"
"6222","EVENING TALE 2013","0"
"6223","IRISES / Artwork 2013","0"
"6224","SCARLET SLIPPER 2013","0"
"6225","ASHTOH 2013","0"
"6226","WOODCOTE WILDCAT 2013","0"
"6227","LADY HIGH HAVENS 2013","0"
"6228","VULCAN / SHINING FORCE 2013","0"
"6229","LA CREME 2013","0"
"6230","TIP TOP TAFFY/ TAFCAR 2013","0"
"6231","TURK'S FRIEND 2013","0"
"6232","ANOTHER STAR 2013","0"
"6233","BLITZ KISS 2013","0"
"6234","SAFFRON 2013","0"
"6235","ADAMS LAW 2013","0"
"6236","MOON FLOWER 2013","0"
"6237","SMOKY HAZE /BATTERY 2013","0"
"6238","FEONA 2013","0"
"6239","RAY OF SUNSHINE 2013","0"
"6240","TROPPA FRESKA 2013","0"
"6241","ANGARIKA 2013","0"
"6242","ABBEYROAD /CHAPMANS PEAK 2013","0"
"6243","ARTIFICE 2013","0"
"6244","CALIFORNIA DREAM/IT'S A DREAM 2013","0"
"6245","OH SO ROMANTIC 2013","0"
"6246","THUNDER DOWN UNDER /THUNDERING POWER 2013","0"
"6247","MAY 2013","0"
"6248","COCONUT SQUEAK 2013","0"
"6249","STAR QUALITIES 2013","0"
"6250","BAFFLING 2013","0"
"6251","KALPITA 2013","0"
"6252","AL DHAHAB 2013","0"
"6253","SHARATILA 2013","0"
"6254","SHANLEY 2013","0"
"6255","PRICELESS MEMORIES 2013","0"
"6256","AVEC PLAISIR 2013","0"
"6257","SORRENTO STEEL 2013","0"
"6258","BAILEYS ON LINE 2013","0"
"6259","SCHOLASTIC GIANT 2013","0"
"6260","INDISTINTO 2013","0"
"6261","LADY ANGHARAD 2013","0"
"6262","BID FOR GOLD 2013","0"
"6263","MISS DANEHILL 2013","0"
"6264","YUTAI 2013","0"
"6265","VIOLETTA 2013","0"
"6266","XISCA 2013","0"
"6267","ALLIES SERENADE 2013","0"
"6268","TOUCH MY SOUL 2013","0"
"6269","SUNSET BOULEVARD 2013","0"
"6270","SHOCKWAVE 2013","0"
"6271","CITI STAR 2013","0"
"6272","CARNIVAL /CHANGE TACK 2013","0"
"6273","ROYAL SUPERLATIVE 2013","0"
"6274","SOUTHERN GODDESS 2013","0"
"6275","PHENOMENALE 2013","0"
"6276","AIM TO ACHIEVE 2013","0"
"6278","ALMARINA 2013","0"
"6279","GLORIOUS EYES /GLORIEUSE 2013","0"
"6280","LANDMINE 2013","0"
"6281","LOST IN THOUGHT 2013","0"
"6282","WINTER HOUSE 2013","0"
"6283","MAGICAL MEMORY / FLYING HOME 2013","0"
"6284","FROSTED/ICE BOUND 2013","0"
"6285","ENAKSI 2013","0"
"6286","KATHEWADI COLT","0"
"6287","STARYNESSEY 2013","0"
"6288","RAMATNI 2013","0"
"6289","ADESINA 2013","0"
"6290","BRUSHED ASIDE 2013","0"
"6292","SANSKARA 2013","0"
"6293","ACCOLADE / ALNASREYA 2013","0"
"6294","EVATINA 2013","0"
"6295","GLORIOUS FANTASY 2013","0"
"6296","COZUMEL 2013","0"
"6297","ASHKA 2013","0"
"6298","FATINAT AL MELOUK 2013","0"
"6299","GOLDA SEEK 2013","0"
"6300","KAIMANA 2013","0"
"6301","NYMPH 2013","0"
"6302","QUEEN RANIA 2013","0"
"6303","SILENIA 2013","0"
"6304","THORNS OF LIFE 2013","0"
"6305","WINONA 2013","0"
"6306","BENTLEY'S BUSH 2013","0"
"6307","WOLANSTONITA 2013","0"
"6308","MISS PARTICULAR 2013","0"
"6309","DUCHESS RAVEL 2013","0"
"6310","SI SENORA 2013","0"
"6311","ARABIAN STORM / ARABIAN ROSE 2013","0"
"6312","AWARDING 2013","0"
"6313","LUNAR LOVE 2013","0"
"6314","CHIMERIQUE 2013","0"
"6315","KARAKORUM SPLENDOR 2013","0"
"6316","MY PENSION 2013","0"
"6317","ELIZA GILBERT 2013","0"
"6318","EFRHINA 2013","0"
"6319","KIRTLE 2013","0"
"6320","RAINBOW DASH /YOU ARE MY MIRACLE 2013","0"
"6321","SILVER PRINT 2013","0"
"6322","CHASE THE ACE","0"
"6323","LOAFER/Crystal Slipper 2013","0"
"6324","VIOLET SKY 2013","0"
"6325","CAIELIN /Bella 2013 ","0"
"6326","MULTISTAR/Star Perfection 2013","0"
"6327","SNOW DEW 2013","0"
"6328","MEMORY BAY 2013","0"
"6329","GAVOTTE 2013","0"
"6330","FREE RADICAL 2013","0"
"6331","SHES A MELODY 2013","0"
"6332","GUEST CONNECTIONS 2013","0"
"6333","CLASSIC JEWEL /MOMENT OF THE DAY 2013","0"
"6334","CHAMPAGNE COCKTAIL 2013","0"
"6335","GRAND MADAME 2013","0"
"6336","BECAUSE OF YOU 2013","0"
"6337","OPTIMUS","0"
"6338","NEPOLIAN","0"
"6339","GLORIOSA 2013","0"
"6340","SAN MARTINO/Sans Pareil 2013 	","0"
"6341","ETERNAL DANCER /MOSELLE 2013","0"
"6342","ROYAL PRINCESS 2013","0"
"6343","BOTSWANA 2013","0"
"6344","ONE MAGIC MOMENT 2013","0"
"6345","GOLDEN BRIGHT 2013","0"
"6346","BENFICA 2013","0"
"6347","NAME OF THE GAME/ Felicitad 2012","0"
"6348","HASTA LA VISTA / Give Me Five 2013","0"
"6349","CONNESSA 2013","0"
"6350","DESERT TRAIL 2013","0"
"6351","HIGHLAND GHILLIE 2013","0"
"6352","EDESSYA 2013","0"
"6353","DEVOTED EYES/Ave Maria 2013","0"
"6354","ELOUANA 2013","0"
"6355","IN MY DREAM /TARALAYA 2013","0"
"6356","OVERDRIVE 2013","0"
"6357","NATIVE TACTICS 2013","0"
"6359","RIO/Olivia Valere 2011","0"
"6360","KISS THE STAR","0"
"6361","JENNIFFER 2013","0"
"6362","PERFECTO/Violet Honey2013","0"
"6363","WINNING LEAP/Trois Etoiles 2013","0"
"6364","SULTRY ME 2013","0"
"6365","ALMANDINE 2013","0"
"6366","STRAWBERRY FIELDS 2013","0"
"6367","ROYAL EYES/Royal Devotion 2013","0"
"6368","THIELLA 2013","0"
"6369","PHOENIX 2013","0"
"6370","PRICELESS PLEASURE","0"
"6371","SERRAFINA 2013","0"
"6372","TARTOUCHE 2013","0"
"6373","CHARM BRACELET 2013","0"
"6374","NARMINA 2013","0"
"6375","GROWYOUROWN 2013","0"
"6376","ALARIYANA 2013","0"
"6377","UNICO CORAZON","0"
"6378","DREAM YUGA","0"
"6379","LAKE FAIRY 2013","0"
"6380","STRIDON","0"
"6381","SNOW CANNON 2013","0"
"6382","NAPOLEONS MISTRESS 2013","0"
"6383","MIRACLE OF LOVE","0"
"6384","FLYING TRIGGER","0"
"6385","CHEERLEADER / CLOSING SPEED 2013","0"
"6386","SHENANDOAH 2013","0"
"6387","SYMPHONY 2013","0"
"6388","ANGELINA JOLIE 2013","0"
"6389","SCARSDALE 2013","0"
"6390","ALASSIO 2013","0"
"6391","MAQUILLAGE 2013","0"
"6392","EXUBERANT 2013","0"
"6393","LOST PERFECTION 2013","0"
"6394","ONLY FOR GOLD 2013","0"
"6395","SHE OF THE MOON 2013","0"
"6396","SATCH BOOGIE 2013","0"
"6397","PILLAR OF GOLD 2013","0"
"6398","KIROV 2013","0"
"6399","FANTASY MOON 2013","0"
"6400","PINKCHUCHI 2013","0"
"6401","BLURR 2013","0"
"6402","CELTIC MEMORIES 2013","0"
"6403","CELEBRATIONS 2013","0"
"6404","QUEEN'S GUEST 2013","0"
"6405","ATMOSPHERE 2013","0"
"6406","SHEER BELIEF/Alam Jehan 2013","0"
"6407","MAID OF ARTOIS 2013","0"
"6408","MAIRAH / RIHLA 2013","0"
"6409","CHANTERELLE 2013","0"
"6410","SANCIA 2013","0"
"6411","OPERA RIDGE 2013","0"
"6412","ANANKE","0"
"6413","SAYURI2013","0"
"6414","CHANGE OF LUCK 2013","0"
"6415","ASGARD/Raziya 2013","0"
"6416","HEIRESS 2013","0"
"6417","OLIVIA VALERE 2013","0"
"6418","MA BAKER 2013","0"
"6419","DISCOVER ROMA 2013","0"
"6420","MARQUISA 2013","0"
"6421","PERSONIFY 2013","0"
"6422","SUGARBIRD 2013","0"
"6423","SILVERY STAR 2013","0"
"6424","LA CINEGA 2013","0"
"6425","MARCHE CONCLU 2013","0"
"6426","ESSENCE 2013","0"
"6427","PRINQUET 2013","0"
"6428","CHRISTMAS FEVER 2013","0"
"6429","ALTITUDE 2013","0"
"6430","GRUEZI 2013","0"
"6431","FAIR ALWAYS 2013","0"
"6432","VEENA'S PET 2013","0"
"6433","FARRFESHEENA 2013","0"
"6434","SWEEPING STORY 2013","0"
"6435","SOVEREIGNSKY/Reflected Glory 2013","0"
"6436","GOLFING 2013","0"
"6437","BERING SOUTH 2013","0"
"6438","CONCEPT 2013","0"
"6439","FIERY PEGASUS 2013","0"
"6440","REDEYED CHARMER 2013","0"
"6441","FLYING SHOW","0"
"6442","AZOLLA 2013","0"
"6443","BURNING FIRE 2013","0"
"6444","CLASSIC TEN 2013","0"
"6445","HUNAYN","0"
"6446","TALON/Satch Boogie 2013","0"
"6447","INDIAN'S FEATHER 2013","0"
"6448","SIX STARS 2013","0"
"6449","DHISHOOM / MY MOOD 2013","0"
"6450","MAGIC TOUCH 2013","0"
"6451","MESOPOTAMIA/Bruchia 2013","0"
"6452","CHANT ROYAL 2013","0"
"6453","REDS REVENGE / Tarnished Lady 2013","0"
"6454","CON ARTISTE 2013","0"
"6455","MARIPASOULA 2013","0"
"6456","FINAL REFRAIN 2013","0"
"6457","ZANZIBAAR","0"
"6458","REMEMBRANCE OF YOU","0"
"6459","SWISH BEATY 2013","0"
"6460","GALTERO/Barcelona 2013","0"
"6461","LE LOUVRE 2013","0"
"6462","KING OF KILLEN","0"
"6463","EL GRAN LOVE 2013","0"
"6464","CAPTAIN/Delicia 2013","0"
"6465","WARSAW PACT 2013","0"
"6466","ZARDA 2013","0"
"6467","TSESEBE 2013","0"
"6468","ZARANDJA 2013","0"
"6469","WINNING KISS 2013","0"
"6470","FUN TIME 2013","0"
"6471","MADURO/Plymsole 2013","0"
"6472","CIRCUS RING 2013","0"
"6473","ESCALATING 2013","0"
"6474","GAMBA 2013","0"
